Count,Region,Guild,Player,UID,CP,FDU,FDD,Total Finals,Tribulation,Has Chaos,Updated?
1,NA,Divinity,☀️天蓬大猫咪,81024128020,15800,1366.1,1401,2767.1,DG1,Kunpeng,Y
2,NA,Dominion,⚔︎xTEFLONx⚔︎,81004714623,16200,1159,1223.2,2382.2,DG2,Luohou,Y
3,NA,HeavenFighters,HF-蓝暖,81019410196,9070,1054.1,1101,2155.1,SM3,Luohou,Y
4,NA,UnderWorld,(UW)Wrath,81019294158,8040,979.9,977.6,1957.5,SM2,Diting,Y
5,NA,Divinity,☀️Chill,81024346619,4240,968,961.6,1929.6,CE2,Luohou,Y
6,NA,DownFall,Axe,81013163628,6040,878.2,926.2,1804.4,SM1,Diting,Y
7,NA,HeavenFighters,HF-霁月,81020987481,6090,906,878.6,1784.6,SM1,Diting,Y
8,NA,StarWar,✰☬|ℤacky𝕸༻,81008055942,3700,866.5,860.3,1726.8,CE2,Diting,AFK
9,NA,Dominion,⚔︎V☠️R⚔︎,81002643938,6730,829.2,847.5,1676.7,SM2,Luohou,Y
10,NA,HeavenFighters,HF-粉坤,81022465167,4070,808.6,848.9,1657.5,CE3,Luohou,Y
11,NA,HeavenFighters,HF-夜色,81020568444,5290,780.1,847.6,1627.7,SM1,Luohou,Y
12,NA,DownFall,Silent❤️💀🤖,81016881101,3810,800.6,798.6,1599.2,CE2,Diting,Y
13,NA,UnderWorld,Overrated,81015555728,5330,773.3,806,1579.3,SM1,Diting,Y
14,NA,HeavenFighters,HF-星尘,81020048696,5010,692,882.7,1574.7,SM1,Luohou,Y
15,NA,DownFall,Mike,81013725490,4030,756.8,790.2,1547,CE3,Diting,Y
16,NA,HeavenFighters,HF-鸡你太美,81023687532,620.79,703,818.2,1521.2,GI3,Luohou,Y
17,NA,|MF|Misfits,༒MFaust🌸,81006071933,4970,733.6,768.4,1502,SM1,Luohou,Y
18,NA,StarWar,☆|icy|☆,81011159711,3960,716.3,752.6,1468.9,CE3,Anzu,Y
19,NA,StarWar,𝕎aifu.ℝo,81006960553,4530,703.4,731,1434.4,SM1,Diting,Y
20,NA,HeavenFighters,HF✫esposoby✫,81020909597,4940,650,757.2,1407.2,SM2,Luohou,Y
21,NA,Dominion,⚔︎ᕲᗩᐺᖻ⚔,81003919350,2280,712.5,693,1405.5,CE1,Luohou,Y
22,NA,StarWar,✰☬|Hades|꥟,81007624563,3150,694.7,708.3,1403,CE2,Luohou ,Y
23,NA,HeavenFighters,HF-天罡,81020548703,4180,598.8,797.8,1396.6,SM1,Luohou,Y
24,NA,Dominion,⚔︎E⚔︎,81004562762,3640,676.7,696.4,1373.1,SM1,Diting,Y
25,NA,DownFall,Andre♥️💀🤖,81017097619,3220,680.9,679.8,1360.7,CE3,Diting,Y
26,NA,DownFall,Tenma❤️💀🤖,81017576988,2510,674.9,679.4,1354.3,CE2,Diting,Y
27,NA,Underdogs,𝕌𝔻☆Raven☆,81007911418,5340,637.6,693,1330.6,SM2,Luohou,Y
28,NA,UnderWorld,UW👑RAGU,81016817303,3490,639.3,687.2,1326.5,CE3,Diting,Y
29,NA,DownFall,Damo❤️💀🤖,81018919621,2610,651.3,673,1324.3,CE2,Diting,Y
30,NA,StarWar,SomeYoungGuy,81008290854,2940,658.8,661.2,1320,CE2,Luohou,Y
31,NA,CosaNostra,Fliberty,81013492701,1440,626,677.3,1303.3,CE2,Diting,Y
32,NA,Underdogs,RT|G🌹🥃K,81011614335,3040,647.4,641,1288.4,CE3,Diting,AFK
33,NA,DownFall,BigMorg,81016794783,3620,637.9,645.4,1283.3,SM1,Diting,Y
34,NA,|MF|Misfits,MFĎïļďobàġġ,81005729330,3010,630.5,652.4,1282.9,CE2,Luohou,Y
35,NA,Divinity,☀️Vincible,81021034158,2780,615.5,642.5,1258,CE2,Diting,Y
36,NA,UnderWorld,(UW)Chaos,81018630348,3440,596,662,1258,SM1,N,Y
37,NA,UnderWorld,(UW)Zara,81017800864,2800,606.4,650.9,1257.3,CE3,Luohou,Y
38,NA,Divinity,☀️Rimuru,81020619671,2810,594.5,639.7,1234.2,CE2,Luohou,Y
39,NA,HeavenFighters,HF|Esposaby,81024130487,1170,582,638.4,1220.4,CK2,Luohou,Y
40,NA,HeavenFighters,HF-℘₳ᝯѪ₳ภ,81019822815,120.28,652.5,566.1,1218.6,CI3,Luohou,Y
41,NA,StarWar,ⓢ𝐖Įⓣт𝐘,81011862967,2650,587.1,629.6,1216.7,CE2,Anzu,Y
42,NA,UnderWorld,(UW)Roxas,81018613322,3040,584,619.3,1203.3,CE3,Diting,Y
43,NA,DownFall,DF~Sammy,81014220255,2260,570.6,631.7,1202.3,CE2,Luohou,Y
44,NA,HeavenFighters,HF-大坤坤妖王,81021736530,3270,457.5,741.6,1199.1,CE3,Anzu,Y
45,NA,|MF|Misfits,MF_Maui,81002234953,1980,597.1,592.2,1189.3,CK3,Diting,Y
46,NA,Dominion,xFlirtyHarry,81004743065,2870,563.7,620.6,1184.3,CE3,Diting,Y
47,NA,|MF|Misfits,𒄆MFDAVE𒄆,81006266717,1760,606,563.7,1169.7,CK3,Luohou,AFK
48,NA,Dominion,⚔︎Nova⚔︎,81004458330,2640,587.5,574.6,1162.1,CE2,Diting,Y
49,NA,StarWar,TaxEvader,81012673531,2840,551.3,600,1151.3,CE3,Anzu,Y
50,NA,StarWar,✰☬|Netzach,81010845144,401.94,534.2,613.2,1147.4,GI3,Diting,Y
51,NA,Dominion,⚔︎KRATOS⚔︎,81004172742,2540,572.3,572.1,1144.4,CE2,Luohou,Y
52,NA,DownFall,Slender,81013590462,2300,553.1,589.8,1142.9,CE2,Diting,Y
53,NA,Dominion,Serg,81003224257,2440,542.8,598.2,1141,CE1,Diting,Y
54,NA,Liberation,🛡️SUNA🛡,81002749874,2210,555.7,578.2,1133.9,CE2,Anzu,Y
55,NA,StarWar,✰☬|꒒ꂦꀘꀤ,81009527623,132.6,553.8,575.1,1128.9,CI3,Diting,Y
56,NA,HeavenFighters,HF-fatmanjoe,81019463625,2510,521.8,603,1124.8,CE2,Luohou,Y
57,NA,StarWar,💫⚔️𝔻ong.G,81006822929,380.25,537.9,583.4,1121.3,GI3,Luohou,Y
58,NA,DownFall,DF~ßeast,81018681456,1740,548.3,559.4,1107.7,CE1,Diting,Y
59,NA,StarWar,✰☬|Knight,81008681148,1820,541.7,565.6,1107.3,CE1,Luohou,Y
60,NA,HeavenFighters,HF-凌烟,81020599849,1960,499.1,606.2,1105.3,CE1,Luohou,Y
61,NA,DownFall,PapaPutin,81016663758,1930,532.2,562,1094.2,CE1,Diting,Y
62,NA,Underdogs,𝕌𝔻|𝔻ify,81009890301,2200,538,554.8,1092.8,CE1,Luohou,Y
63,NA,StarWar,✰☬|MEGA,81009401903,1460,538.8,552.4,1091.2,CK3,Luohou,Y
64,NA,Underdogs,𝕌𝔻|Jo𝔹ark,81012094614,2000,539.5,549.5,1089,CE1,Diting,AFK
65,NA,DownFall,Df~Crielee,81013512192,1870,551.7,536.8,1088.5,CE1,Diting,Y
66,NA,StarWar,💫UTry2Hard,81011354936,2050,539.8,547.8,1087.6,CE1,Diting,Y
67,NA,HeavenFighters,HF-SAINT,81021230004,178.23,441,642.3,1083.3,SI3,Luohou,Y
68,NA,Divinity,☀️Climafrío,81022750779,2050,474.6,607.3,1081.9,CE2,Luohou,Y
69,NA,HeavenFighters,HF-白坤,81021757000,1920,490.1,588.5,1078.6,CE2,N,Y
70,NA,HeavenFighters,HF-硬坤,81019903059,2010,476.3,597.8,1074.1,CE2,Luohou,Y
71,NA,UnderWorld,Maple_Mike,81013498584,1570,526.1,547.4,1073.5,CE1,Luohou,Y
72,NA,CosaNostra,Yuwu,81016991578,1270,520.8,551.2,1072,CK3,Diting,Y
73,NA,StarWar,💫⚔️Bryce,81007154540,2100,518.9,549.6,1068.5,CE2,Diting,Y
74,NA,CosaNostra,Dubi❤️💀🤖,81016201115,1740,529.6,538.6,1068.2,CE1,N,Y
75,NA,HeavenFighters,HF-敬畏我的巨坤,81023928765,368.28,452.4,608.8,1061.2,GI3,N,Y
76,NA,UnderWorld,ⒷⓐⓑⓐⓎⓐⓖⓐ,81015539477,2090,521,539.4,1060.4,CE1,Diting,AFK
77,NA,Underdogs,𝕌𝔻|Synthz,81006553113,1150,508.9,549.8,1058.7,CK2,Diting,AFK
78,NA,|MF|Misfits,MF_Rambo,81003170754,1800,520.9,537.2,1058.1,CE1,Diting,AFK
79,NA,HeavenFighters,HF-TyGor,81020721703,2090,423.6,631.2,1054.8,CE2,Luohou,Y
80,NA,StarWar,💫⚔️TaBaH,81007530629,2120,499.4,550.7,1050.1,CE2,Diting,Y
81,NA,HeavenFighters,HF-🔞坤,81019313817,860.23,370.6,679,1049.6,DL3,Luohou,Y
82,NA,|MF|Misfits,MF_Rain,81006166818,1560,509.5,528.6,1038.1,CK3,Luohou,AFK
83,NA,UnderWorld,UW|𝓑lue𝓑oy,81017685913,1130,521.6,515.3,1036.9,CK2,Diting,AFK
84,NA,Liberation,🛡️PEDONET🛡,81000166172,2030,502.4,533.2,1035.6,CE2,N,AFK
85,NA,Divinity,☀️|Akyra,81021141237,1290,474.9,560.1,1035,CK3,Luohuo,Y
86,NA,HeavenFighters,HF-🐺狼坤🐺,81020730384,2240,481.6,549.9,1031.5,CE2,Luohou,Y
87,NA,Dominion,⚔︎Sanch⚔︎,81004313109,1960,515.5,508.5,1024,CE2,Diting,Y
88,NA,DownFall,DFArtemis,81014104458,1880,501.8,518.3,1020.1,CE1,N,Y
89,NA,Underdogs,Tbone,81010375550,1550,517.6,495.6,1013.2,CK3,Diting,AFK
90,NA,|MF|Misfits,MFausterkid,81005382665,2110,474.8,530,1004.8,CE2,Kunpeng,Y
91,NA,StarWar,✰☬|BirdFlu,81007248276,1110,476,528.4,1004.4,CK2,Anzu,Y
92,NA,DownFall,DF~Menoetius,81013534197,1420,504.3,497,1001.3,CK3,Diting,Y
93,NA,HeavenFighters,HF-Kuro,81020459900,2340,480.2,516.1,996.3,CE2,Diting,Y
94,NA,Dominion,⚔︎Kaiser⚔︎,81003223009,1480,489.9,502.6,992.5,CK3,N,Y
95,NA,Underdogs,𝕌𝔻☆Rash☆,81010990434,1950,467.7,519.6,987.3,CE2,N,Y
96,NA,DownFall,DfRNGesus,81014445296,1000,481.1,503.9,985,CK2,Luohou,Y
97,NA,Dominion,⚔︎BIGSLAY80⚔,81004772857,1710,489.1,495.8,984.9,CE1,Diting,Y
98,NA,DownFall,Jakedaddy,81014643165,2280,474.7,510.2,984.9,CE3,N,Y
99,NA,UnderWorld,ᵁᵂ👁👈ionic,81015008057,1460,496.5,488.2,984.7,CK3,Diting,Y
100,NA,Liberation,🛡Garlic🛡,81000124304,316.6,464.6,515.2,979.8,GI3,Kunpeng,Y
101,NA,Underdogs,Paradoxical,81010960140,171.35,443.5,535.7,979.2,SI3,Kunpeng,AFK
102,NA,HeavenFighters,HF-PiFanatic,81021175179,290.59,428.3,550.3,978.6,GI3,N,Y
103,NA,HeavenFighters,HF-九卿,81020039363,328.55,412.2,564.5,976.7,GI3,Luohou,Y
104,NA,Underdogs,✰☬Bryce,81010522029,2410,455.8,520.6,976.4,CE3,N,Y
105,NA,Liberation,🛡️Toasted🛡,81002710710,1960,472.4,502.9,975.3,CE2,N,Y
106,NA,|MF|Misfits,MF•Arodicus,81000849259,1750,469.5,501,970.5,CE1,N,Y
107,NA,HeavenFighters,HF✫hijoby✫,81019909174,1190,454.7,513.9,968.6,CK3,Luohou,Y
108,NA,DownFall,OnlyKarns,81016709240,1170,462.2,505.5,967.7,CK3,Luohou,Y
109,NA,HeavenFighters,HF-Larking,81020591478,972.99,474.5,471.3,945.8,CK2,N,Y
110,NA,Dominion,⚔︎Morregan⚔︎,81002039654,1410,467.5,477.1,944.6,CK3,Diting,Y
111,NA,HeavenFighters,HF-Sugoiboy,81019784365,2050,375.5,567.3,942.8,CE2,N,Y
112,NA,DownFall,I♥️Jakedaddy,81018621957,643.14,463.7,479,942.7,DL3,Diting,Y
113,NA,DownFall,DFHecale,81013920362,1440,457.6,479.6,937.2,CE1,N,Y
114,NA,Underdogs,𝕌𝔻☆Player,81012271938,1500,456.4,480.2,936.6,CK3,Diting,Y
115,NA,CosaNostra,Ryu♥️💀🤖,81019065460,1310,465.9,460.9,926.8,CK3,N,Y
116,NA,|MF|Misfits,xulnx,81003992926,2280,459.4,465.7,925.1,CE3,N,Y
117,NA,UnderWorld,UW-StHubbins,81017345855,1420,443.6,479.8,923.4,CK3,N,Y
118,NA,UnderWorld,(UW)Pinotte,81015283025,1740,438.6,482.3,920.9,CE1,N,Y
119,NA,StarWar,✰☬ꌗMOKEℝ,81008063281,96.43,433.5,472.1,905.6,CI3,Kunpeng,Y
120,NA,StarWar,💫⚔️Chop,81010392864,914.89,424.4,470,894.4,CK1,N,AFK
121,NA,HeavenFighters,HF-Reaper,81020517671,136.41,389.2,503.1,892.3,SI3,N,Y
122,NA,Divinity,Beast🐾,81024541449,436.28,427,462.8,889.8,DL2,Diting,Y
123,NA,HeavenFighters,HF-Sylphy,81019509419,1440,400.9,487,887.9,CE1,N,Y
124,NA,DownFall,DfGriz,81015353243,680.56,442.1,442.4,884.5,CK1,N,Y
125,NA,Dominion,⚔︎Short⚔,81004563640,1370,428.5,455.8,884.3,CE1,N,Y
126,NA,StarWar,✰☬|𝔻ify,81011632097,1260,419.3,462.7,882,CK3,N,Y
127,NA,StarWar,✰☬–Faygo,81010638785,1010,423.7,454.8,878.5,CK2,Kunpeng,Y
128,NA,HeavenFighters,HF-起步见坤,81020116834,52.11,418.8,459.2,878,TI3,Diting,Y
129,NA,Liberation,🛡MEGA🛡,81002483254,871.67,426.4,451.6,878,CK2,Luohou,AFK
130,NA,DownFall,DF~Kitagawa,81014141646,628.04,436.7,435.2,871.9,CK2,N,Y
131,NA,Liberation,🛡️Buraza🛡,81001285868,1080,395.9,473.4,869.3,CK3 ,N,Y
132,NA,HeavenFighters,HF-Vindir,81024000419,1120,418.8,446.9,865.7,CK3,Luohou,Y
133,NA,StarWar,✰☬|DarkSutra,81009872392,1180,399.8,465.8,865.6,CK3,N,Y
134,NA,HeavenFighters,HF-🐔红坤,81020641820,1320,373.7,488.5,862.2,CE1,N,Y
135,NA,UnderWorld,(UW)Fwire,81018234329,1390,386.3,474.3,860.6,CE1,N,Y
136,NA,UnderWorld,մꮗ✯︎︎ᚲคᛗ,81018886141,942.37,413.7,445.9,859.6,CK2,N,AFK
137,NA,Liberation,🛡️Gray🛡️,81001504658,1720,422.4,426.4,848.8,CE2,N,Y
138,NA,Underdogs,UD/princess,81010963408,1270,402.1,446,848.1,CK2,Kunpeng,Y
139,NA,DownFall,DFSlayer,81015981858,926.24,413.8,433.7,847.5,CK2,N,Y
140,NA,Divinity,Kurtis,81024194138,833.76,390.6,455.1,845.7,CK1,Anzu,Y
141,NA,StarWar,✰☬|perplex,81008298799,1140,400.2,442.2,842.4,CK3,N,Y
142,NA,Divinity,☀️|Involved,81023607099,554.83,389.5,451.9,841.4,DL3,N,Y
143,NA,StarWar,💫⚔️Xerox,81011524806,1150,404.3,436.5,840.8,CK3,N,AFK
144,NA,DownFall,Ezheros,81016023229,587.83,423.9,416.5,840.4,DL3,N,Y
145,NA,DownFall,𝔇𝔉|Tide,81017193315,259.06,415.5,424.2,839.7,GI3,Diting,Y
146,NA,Dominion,⚔︎Jimmyjoe⚔︎,81002418043,513.36,415.3,424.2,839.5,DL3,N,Y
147,NA,UnderWorld,(UW)Dad_Goku,81018545190,1050,402.7,431.3,834,CK3,N,Y
148,NA,Dominion,⚔︎Orz⚔︎,81000604615,130.72,381,448.7,829.7,SI3,N,Y
149,NA,Dominion,⚔︎Raka⚔︎,81000125010,980.88,407.9,420.3,828.2,CK2,N,Y
150,NA,DownFall,DFStoner,81014143945,939.26,410.8,416.2,827,CK3,N,Y
151,NA,Dominion,⚔︎RenaJo⚔︎,81004164750,846.89,421,405.6,826.6,CK2,N,Y
152,NA,StarWar,✰☬|𝔾ogh,81010338588,1060,400.6,424.2,824.8,CK3,N,Y
153,NA,Liberation,🛡️Suki🛡️,81000652542,910.25,406.9,417.2,824.1,CK2,N,Y
154,NA,|MF|Misfits,∆•Sausage•∆,81005816482,1210,380,442.9,822.9,CK3,N,AFK
155,NA,StarWar,✰☬|Rizza,81008251495,1020,393.9,427.1,821,CK3,N,Y
156,NA,StarWar,SWaggyFlaps,81010666391,577.72,400.5,418.8,819.3,DL3,N,Y
157,NA,|MF|Misfits,Mitzenrugi,81005882142,1290,397,422.2,819.2,CE1,N,Y
158,NA,StarWar,✰☬|KVN,81007300422,76.19,387.3,431.7,819,CI3,N,Y
159,NA,DownFall,DF~HighKing,81018642196,999.41,381.6,436.9,818.5,CK3,N,Y
160,NA,HeavenFighters,HF-Matt,81020525217,1190,382,429.9,811.9,CK3,N,Y
161,NA,DownFall,DF~Jake,81014537708,998.94,358.2,453.3,811.5,CK2,N,Y
162,NA,StarWar,💫⚔️Kayla,81011561796,818.88,386.4,422.7,809.1,CK2,N,Y
163,NA,Divinity,☀️Kunbo,81024142939,219.74,364.8,443.9,808.7,GI3,N,Y
164,NA,Liberation,🛡Finn🛡,81002737014,1070,382.7,425.8,808.5,CK3,N,Y
165,NA,UnderWorld,(UW)Kago,81018809736,960.31,404,403.3,807.3,CK3,N,Y
166,NA,StarWar,✰☬|Vger715,81010733784,993.69,390.6,415.4,806,CK3,N,Y
167,NA,StarWar,✰☬|𝔻ionte,81007196362,1000,382.9,421.7,804.6,CK3,N,Y
168,NA,|MF|Misfits,MFlyb@nger,81006115043,563.72,394.1,410.4,804.5,DL3,N,AFK
169,NA,UnderWorld,UW💯大Mao🖕,81018450204,1150,359.7,443,802.7,CK3,N,Y
170,NA,Dominion,⚔︎E⚔︎,81004762249,771.71,388.3,411.9,800.2,CK2,N,Y
171,NA,UnderWorld,(UW)A2thefnj,81014986665,751.43,389,408.9,797.9,CK1,Diting,Y
172,NA,Divinity,☀️M53,81025663838,192.78,321.7,475.1,796.8,GI3,Luohou,Y
173,NA,HeavenFighters,HF-清源妙道,81022210487,577.42,357.1,437.3,794.4,DL3,N,Y
174,NA,CosaNostra,Dubi❤️💀🤖,81016493762,574.95,364,428.7,792.7,CK1,N,AFK
175,NA,Divinity,ɐɹʎʞ∀|☀️,81023629156,654.38,367.3,424.8,792.1,CK1,N,Y
176,NA,Dominion,⚔︎HillBilly⚔,81004558866,669.77,405.9,386,791.9,CK1,N,Y
177,NA,DownFall,DFNezho,81014117505,1580,307.3,484.2,791.5,CE2,N,Y
178,NA,DownFall,DF~ThatGuy,81014735632,1010,381.7,407.4,789.1,CK3,N,Y
179,NA,Dominion,⚔︎Gussie⚔︎,81004148810,734.27,396.7,391.9,788.6,CK2,N,Y
180,NA,Dominion,Darkking,81004740820,424.45,366.6,421.4,788,DL3,N,Y
181,NA,UnderWorld,(UW)Guyerᯓ๑ï,81015705618,1470,387.3,399.9,787.2,CE1,N,Y
182,NA,Underdogs,𝕌𝔻|QueenC,81007604904,957.39,378.1,403.3,781.4,CK3,N,Y
183,NA,Liberation,🛡️Eris🛡️,81000190917,850.46,380.6,399.4,780,CK3,N,AFK
184,NA,UnderWorld,UWDarkspawn,81016149276,1360,400.1,378.2,778.3,CE1,N,Y
185,NA,HeavenFighters,HF☪︎Astraea,81019961248,110.2,309.9,467.9,777.8,SI3,N,Y
186,NA,Liberation,🛡️Ban🛡️,81002415707,715.03,382.2,395.2,777.4,CK2,N,AFK
187,NA,DownFall,dano,81016996582,280.59,355.3,421.4,776.7,GI3,Luohou,Y
188,NA,HeavenFighters,HF-Virnox,81020365212,1260,347,428.7,775.7,CE1,Luohou,Y
189,NA,DownFall,We-Want-Flib,81013447378,863.13,405.2,370.2,775.4,CK3,N,Y
190,NA,HeavenFighters,HF-Pis&luv,81024097156,679,366.7,407,773.7,CK2,N,Y
191,NA,StarWar,✰☬|lovefist,81012548988,834.08,343.1,429.5,772.6,CK2,N,Y
192,NA,StarWar,✰☬|Ŵingz,81009375962,1030,354.8,417.5,772.3,CK3,N,Y
193,NA,UnderWorld,ashh,81013867948,854.81,372.2,399.2,771.4,CK2,N,Y
194,NA,Dominion,⚔️Chaos⚔️,81004513460,995.76,355.7,414.5,770.2,CK3,N,Y
195,NA,DownFall,DF遠處的青蛙,81017562048,1030,380.5,387.6,768.1,CK3,N,Y
196,NA,UnderWorld,(UW)Despair,81018773969,1610,375,392.6,767.6,CE2,N,Y
197,NA,Underdogs,𝕌𝔻|𝔾ogh,81012728282,549.01,344.4,422.1,766.5,DL3,N,AFK
198,NA,HeavenFighters,HF-基督是王,81020536959,827.72,360.9,404.2,765.1,CK2,N,Y
199,NA,StarWar,✰☬|尽hecks⊹━┈,81009384345,848.97,345.5,417.3,762.8,CK2,N,Y
200,NA,UnderWorld,(UW)Chaos,81018490208,28.78,335.1,427,762.1,GA3,N,Y
201,NA,Underdogs,𝕌𝔻|Beast🐾,81007460127,303.73,352.3,406.8,759.1,DL1,Diting,AFK
202,NA,StarWar,bigasian,81012826052,80.54,370.9,384.9,755.8,CI3,N,Y
203,NA,Dominion,⚔︎Huhk⚔︎,81004224530,723.12,363.9,391.3,755.2,CK2,N,Y
204,NA,Divinity,☀️Losn,81021822360,669.93,356.1,395.1,751.2,CK2,N,Y
205,NA,|MF|Misfits,MF|VeryDum,81003324977,505.54,364.9,380.7,745.6,CK1,N,AFK
206,NA,DownFall,Beast,81013397284,983.76,368.1,376.8,744.9,CK3,N,Y
207,NA,Divinity,☀️Griz,81024503282,217.71,362.2,379.3,741.5,GI3,N,Y
208,NA,DownFall,kumochan,81013932635,357.47,352,387.5,739.5,DL3,N,Y
209,NA,UnderWorld,UWlegacy,81018714897,826.22,375.2,364.1,739.3,CK2,N,Y
210,NA,StarWar,⚡︎ZEUS⚡︎,81011298630,811.36,336.5,402.1,738.6,CK2,N,Y
211,NA,DownFall,DF-◉⁠‿⁠◉,81013526204,782.21,368.6,367.1,735.7,CK2,N,Y
212,NA,DownFall,deer,81015102502,695.64,360.9,374.6,735.5,CK1,N,Y
213,NA,UnderWorld,(UW)♡nikko♡︎,81016730841,613.84,361,373.4,734.4,CK1,N,AFK
214,NA,Divinity,☀️Eliezor🌞,81022515894,196.58,337.6,395.3,732.9,GI3,N,Y
215,NA,Underdogs,𝕌𝔻|👜efone,81012648596,774.71,356.1,372.7,728.8,CK2,N,AFK
216,NA,|MF|Misfits,MF_Lazy,81005401211,539.87,348.3,377.2,725.5,CK1,N,AFK
217,NA,StarWar,Epi,81012092324,866.39,355.6,369,724.6,CK2,N,Y
218,NA,StarWar,✰☬|Shroom,81007861221,958.29,343.9,380.3,724.2,CK3,N,Y
219,NA,|MF|Misfits,MF_Hybrid,81006110796,683.25,348.2,373.9,722.1,CK1,N,AFK
220,NA,CosaNostra,Death♥️💀🤖,81015160210,1240,324.9,396.7,721.6,CE1,N,Y
221,NA,UnderWorld,ㄩ山=丂卄丨几,81017823505,440.35,331.4,389.7,721.1,DL3,N,Y
222,NA,HeavenFighters,HF-Slava,81024117969,50.38,292.8,427.4,720.2,TI3,N,Y
223,NA,Divinity,☀️Pɑʀk,81022564753,135.17,326.6,392.9,719.5,GI2,N,Y
224,NA,HeavenFighters,HF-M̴a̴t̴t̴,81020596143,849.16,341.2,377.6,718.8,CK3,N,Y
225,NA,StarWar,✰☬|WyoHunter,81011189445,762.77,338,379.3,717.3,CK1,N,Y
226,NA,CosaNostra,Timmy❤️💀🤖,81017411169,180.3,338.3,375.9,714.2,GI3,N,AFK
227,NA,HeavenFighters,HF-光盘,81019612408,710.45,318.4,394.1,712.5,CK2,N,Y
228,NA,HeavenFighters,HF-TiaWrecks,81020581570,427.3,333.2,378.2,711.4,DL3,N,Y
229,NA,Divinity,☀️小钻风Drill,81025693054,153.68,247.3,462.5,709.8,GI3,N,Y
230,NA,StarWar,✰☬|🪿Ese,81011040727,243.04,277.3,432.3,709.6,GI3,N,Y
231,NA,HeavenFighters,HF-亞歷克斯。,81021857290,693.1,343,366.5,709.5,CK2,N,Y
232,NA,HeavenFighters,HF⚔️Faux🐉,81020688886,950.87,327.2,381.6,708.8,CK3,N,Y
233,NA,Liberation,🛡️Nishu🛡,81000179472,1100,314.4,393.9,708.3,CK3,N,Y
234,NA,Divinity,☀️Cuddles,81024351297,60.37,344,361.8,705.8,CI3,N,Y
235,NA,HeavenFighters,HF-Decimator,81022347262,937.51,339.2,365.7,704.9,CK2,N,Y
236,NA,StarWar,💫⚔️Destro,81009830645,973.64,327.3,377.1,704.4,CK3,N,Y
237,NA,UnderWorld,UWᛟፚᏋᏁᎧ,81015830624,914.32,343.9,360.5,704.4,CK3,N,Y
238,NA,StarWar,💫⚔️Moose,81011845262,983.45,306.9,397,703.9,CK3,N,Y
239,NA,Liberation,🛡️BBQ🛡,81000933914,986.34,321.3,382,703.3,CK3,N,Y
240,NA,CosaNostra,AshisASlut,81018748734,345.79,353.6,348.9,702.5,DL2,N,AFK
241,NA,HeavenFighters,HF-PORKCHOP,81021899560,803.26,307,394.9,701.9,CK3,N,Y
242,NA,HeavenFighters,HF-狮Lion,81020409346,948.86,332.7,365,697.7,CK3,N,Y
243,NA,HeavenFighters,HF-URA,81021957415,864.42,303.3,393.3,696.6,CK3,N,Y
244,NA,Underdogs,𝕌𝔻|Candle,81010649991,648.18,330.6,364.6,695.2,CK2,N,AFK
245,NA,Underdogs,𝕌𝔻|𝔾ogh²,81007392903,213.51,334.7,360.3,695,GI3,N,Y
246,NA,Divinity,izzi☀️,81022483380,213.11,331.4,363.5,694.9,GI3,N,Y
247,NA,Divinity,☀️最深的黑暗,81020865155,715.68,304.6,390.1,694.7,CK2,N,Y
248,NA,Dominion,⚔︎TefLuvr,81004558750,566.88,337.6,355.1,692.7,CK1,N,Y
249,NA,HeavenFighters,HF-Wool🦣,81020188593,203.39,330,362,692,GI3,N,Y
250,NA,Dominion,⚔︎Anni⚔︎,81003604601,653.12,358.2,332,690.2,CK2,N,Y
251,NA,HeavenFighters,HF-Genesisa,81020525974,27.23,265.1,425,690.1,GA3,N,Y
252,NA,Underdogs,𝕌𝔻|𝔻ong༻,81007437504,39.01,292.7,393.8,686.5,TI3,N,Y
253,NA,UnderWorld,（UW）😹Tom,81019058652,61.4,274.2,412.2,686.4,CI3,N,Y
254,NA,Divinity,☀️Aetós🦅,81023660449,85.65,311.4,371.6,683,SI3,N,Y
255,NA,|MF|Misfits,mfLevid,81004056938,532.42,320.2,361.7,681.9,CK1,N,AFK
256,NA,CosaNostra,Wildwolf灰太狼,81019181165,679.13,314.5,366.7,681.2,CK2,N,AFK
257,NA,Divinity,☀️LNKツ,81022831830,315.61,303.3,376.6,679.9,DL2,N,Y
258,NA,DownFall,DF~Freezer,81015980842,537.74,326.6,352.7,679.3,CK1,N,Y
259,NA,UnderWorld,(UW)Tram,81017981237,626.36,338.4,339.8,678.2,CK2,N,Y
260,NA,DownFall,DF~Nameless,81014445062,672.7,322.6,354.2,676.8,CK2,N,Y
261,NA,Divinity,☀️|NotOta,81023541660,187.31,302.5,371,673.5,GI3,N,Y
262,NA,DownFall,Saintan,81014065717,99.39,314,357.6,671.6,SI3,N,Y
263,NA,HeavenFighters,HF-ゼットZeze,81020190254,645.25,311.6,358.8,670.4,CK2,N,Y
264,NA,StarWar,💫⚔️DarkOmen,81010325881,703.44,305.8,363.8,669.6,CK2,N,Y
265,NA,CosaNostra,Babs❤️💀🤖,81016307096,339.83,307.5,361,668.5,DL3,N,AFK
266,NA,UnderWorld,(UW)᙭OTIᑕ,81015422931,983.84,309.9,358.2,668.1,CK3,N,Y
267,NA,Divinity,☀️Jbbbbbbb,81024718874,250.97,308.4,356.5,664.9,DL1,N,Y
268,NA,StarWar,💫⚔️Tenshi🪽,81010129982,963.81,325.6,337.9,663.5,CK3,Diting,Y
269,NA,Divinity,☀️Galaxy,81024287185,271.62,322.8,340.3,663.1,DL2,N,Y
270,NA,Underdogs,🗡️Stab💫,81009889810,474.78,306.4,355.7,662.1,DL3,N,AFK
271,NA,Divinity,☀️🔥🔥🔥,81024370641,40.25,257.7,401.5,659.2,TI3,N,Y
272,NA,|MF|Misfits,MF|kdb,81000527519,870.77,317.1,341.8,658.9,CK2,Diting,Y
273,NA,Liberation,Serendipity,81000121331,66.36,286.4,370.5,656.9,CI3,N,Y
274,NA,HeavenFighters,HF-AJaded,81020570754,651.71,309,346.6,655.6,CK2,N,Y
275,NA,Dominion,⚔︎Lasagna⚔︎,81003343901,363.56,311.4,341.9,653.3,DL3,N,Y
276,NA,|MF|Misfits,MF_Ducc,81004029873,406.55,321.2,332,653.2,DL3,N,AFK
277,NA,HeavenFighters,HF-Qisp,81020721063,842.82,299.2,354,653.2,CK3,N,Y
278,NA,CosaNostra,Phoe❤️💀🤖,81016955320,260.68,322.9,329.9,652.8,DL2,N,AFK
279,NA,StarWar,⚔️FutileCode,81007307767,100.88,316.5,336.2,652.7,SI3,N,AFK
280,NA,DownFall,DfSlowi,81014090866,515.53,323.4,328.5,651.9,CK1,N,Y
281,NA,HeavenFighters,HF-Hā́idēs悪魔,81020111480,365.5,307.2,343.6,650.8,DL3,N,Y
282,NA,Underdogs,𝕌𝔻-Nice🔪,81011581472,359.71,301.1,346.8,647.9,DL3,N,AFK
283,NA,|MF|Misfits,RxAVAGE🌸,81005006541,620.05,281.9,365.4,647.3,CK1,N,AFK
284,NA,UnderWorld,UW-Bacon🥓,81018595277,395.3,299.2,347.9,647.1,DL3,N,AFK
285,NA,UnderWorld,UW|Monolith,81014630727,334.66,316.7,329.6,646.3,DL2,N,Y
286,NA,HeavenFighters,HF-奇诺,81020868935,555.63,276.6,369.5,646.1,CK1,N,Y
287,NA,CosaNostra,Manman❤️💀🤖,81016844190,184.61,310.6,335.2,645.8,GI3,N,AFK
288,NA,HeavenFighters,HF-Darkside,81022146949,659.08,275.9,368.6,644.5,CK2,N,Y
289,NA,Underdogs,⚡︎ZEUS⚡︎,81009770494,854.6,310.8,333.1,643.9,CK2,N,AFK
290,NA,Divinity,☀️Álogo🦅,81024036624,79.18,247.3,396.5,643.8,SI3,N,Y
291,NA,|MF|Misfits,MF|Me€roquet,81003722441,371.29,307.9,334.8,642.7,DL3,N,AFK
292,NA,|MF|Misfits,|MF|Beradorn,81006381475,621.66,302.2,339.9,642.1,CK1,N,AFK
293,NA,|MF|Misfits,MF|Akachi,81002298277,466.44,298.5,342.8,641.3,DL3,N,AFK
294,NA,UnderWorld,(UW)Son_Goku,81019277033,357.95,310.5,329.8,640.3,DL2,Diting,Y
295,NA,StarWar,✰⚔️|Tactical,81007378682,419.85,298.3,340.3,638.6,DL3,N,Y
296,NA,|MF|Misfits,MF•bunnnz,81004042431,218.06,305.2,333.3,638.5,GI3,N,AFK
297,NA,Divinity,☀️RimuruAlt2,81021806198,540.02,270.4,364.5,634.9,CK1,N,Y
298,NA,Underdogs,VANQ𝕌ISHE𝔻,81010583744,637.1,308.9,325.6,634.5,CK2,N,AFK
299,NA,HeavenFighters,HF-jayclone,81020316780,788.85,318.3,316.1,634.4,CK2,N,Y
300,NA,HeavenFighters,HF-Ronin,81019824035,23.52,261.2,372.9,634.1,GA3,N,Y
301,NA,Divinity,☀️RimuruAlt1,81020637974,564.15,305.8,327.9,633.7,CK1,N,Y
302,NA,DownFall,Df-Ken,81014524280,716.72,315,316,631,CK2,N,Y
303,NA,CosaNostra,Fuji❤️💀🤖,81018863367,318.16,310,317.5,627.5,DL2,N,AFK
304,NA,Liberation,🛡️Gecko🛡️,81000143707,356.87,286.2,341.1,627.3,DL3,N,AFK
305,NA,HeavenFighters,HF_DragBooty,81022055040,745.22,288,339,627,CK3,N,Y
306,NA,UnderWorld,(UW)ruins.,81015721717,347.22,303.4,323.2,626.6,DL2,N,Y
307,NA,HeavenFighters,HF-Myun,81020745519,843.11,264.4,361,625.4,CK2,N,Y
308,NA,CosaNostra,Frost❤️💀🤖,81017169090,151.71,286.9,338.1,625,GI3,N,AFK
309,NA,Dominion,⚔️Kirito⚔️,81004667375,612.43,321.9,301.7,623.6,CK2,N,Y
310,NA,Underdogs,𝕌𝔻|ᠻꫀﺃ,81008956436,370.52,269.7,350.4,620.1,DL3,N,AFK
311,NA,|MF|Misfits,mini~xulnx,81003422988,458.95,276.9,342.3,619.2,DL3,N,Y
312,NA,DownFall,MikeWheelr,81018090472,245.42,261.3,353.4,614.7,DL2,N,Y
313,NA,DownFall,𝔇𝔉Falcon,81014348804,354.93,283.9,325.2,609.1,DL3,N,Y
314,NA,Underdogs,✰☬|ℕatyboy,81006529160,370.79,301.7,306.6,608.3,TI3,N,Y
315,NA,UnderWorld,UW|Shaco,81017524185,258.53,277.4,330.9,608.3,DL2,N,Y
316,NA,Underdogs,𝕌𝔻|Abs,81008454042,184.67,245.3,359.8,605.1,GI3,N,AFK
317,NA,HeavenFighters,HF-Eternal🩵,81022144139,212.91,262.2,342.9,605.1,DL1,N,Y
318,NA,Dominion,xSllySalmonx,81002230138,636.8,258,343.9,601.9,CK2,N,Y
319,NA,|MF|Misfits,MF_Monster,81005546980,646.23,311,290.1,601.1,CK2,N,Y
320,NA,Underdogs,𝕌𝔻|Tbone,81010694019,337.67,278.6,321.6,600.2,DL3,N,AFK
321,NA,DownFall,𝔇t𝔉Michael,81014795163,231.37,294.1,305.4,599.5,DL1,N,Y
322,NA,Liberation,🛡️Supercpt🛡️,81001196857,294.26,290.5,306.3,596.8,DL2,N,Y
323,NA,Dominion,⚔︎xEi8htx⚔,81004619118,391.22,290.5,305,595.5,CK1,N,Y
324,NA,Dominion,⚔︎Schmerik⚔︎,81002232313,360.76,278.7,315.2,593.9,DL3,N,Y
325,NA,|MF|Misfits,loiverever౨ৎ,81000889585,282.96,289.7,304,593.7,DL2,N,AFK
326,NA,|MF|Misfits,|MF|Darmok🎩,81005142152,196.89,299.5,292.8,592.3,GI3,N,Y
327,NA,Underdogs,Boring,81011377958,281.39,269.4,320.9,590.3,DL1,N,Y
328,NA,|MF|Misfits,MF•Mr.Wolf,81003011567,347.55,278.8,311.1,589.9,DL2,N,AFK
329,NA,Dominion,⚔︎•nebula,81003122583,249.91,278.5,303.5,582,DL2,N,AFK
330,NA,Underdogs,𝕌𝔻|ONI,81007853042,525.86,265.3,315.5,580.8,CK1,N,AFK
331,NA,HeavenFighters,HF-墨离,81020582333,17.68,270.6,309.7,580.3,BI3,N,Y
332,NA,DownFall,DF.Lemmy,81015944319,155.13,285.7,293.7,579.4,GI3,N,Y
333,NA,UnderWorld,(UW)cheese,81015202979,263.2,262.7,315.5,578.2,DL2,N,Y
334,NA,Liberation,LordFourth,81001243540,142.69,277.1,300.3,577.4,GI3,N,AFK
335,NA,UnderWorld,KasuKamigawa,81018010640,194.69,266,310.9,576.9,DL1,N,Y
336,NA,Underdogs,𝕌𝔻|𐌊i,81006649850,352.87,257.4,319.3,576.7,DL3,N,AFK
337,NA,UnderWorld,UW٭Kai,81018460650,45.25,275.2,300.2,575.4,CI3,N,Y
338,NA,|MF|Misfits,|MF|Glibous,81003498209,394.4,255.6,319.7,575.3,DL3,N,AFK
339,NA,UnderWorld,(UW)flips,81015041133,719.76,267.4,307.4,574.8,CK3,N,Y
340,NA,Dominion,⚔︎Myers⚔︎,81003142277,128.89,244.2,328.9,573.1,GI2,N,Y
341,NA,UnderWorld,[UW]Debaser,81013798162,578.57,279.5,289.8,569.3,CK2,N,Y
342,NA,DownFall,DfPwent,81014506311,715.96,263.6,303.9,567.5,CK2,N,Y
343,NA,Divinity,☀️Eustace,81024332046,346.56,275.5,291.6,567.1,DL2,N,Y
344,NA,Dominion,⚔︎Soul⚔︎,81004557508,188.18,273.5,293.5,567,DL1,N,Y
345,NA,|MF|Misfits,MF_Bola,81005567990,462.08,273.4,291.7,565.1,CK1,N,AFK
346,NA,Liberation,Sköll🐺,81002164153,200.19,281,283.7,564.7,DL1,N,AFK
347,NA,StarWar,💫⚔️surtr300,81009982504,407.94,257,304.9,561.9,DL3,N,Y
348,NA,CosaNostra,Bok❤️💀🤖,81016844771,194.68,248.3,310.7,559,DL1,N,AFK
349,NA,StarWar,Haluin18635,81011898919,199.42,259.6,297.3,556.9,GI3,N,Y
350,NA,CosaNostra,Jamo❤️💀🤖,81016887048,142.78,266,289.4,555.4,GI3,N,AFK
351,NA,|MF|Misfits,|MF|刀疤,81002735387,525.77,265.5,289.5,555,CK1,N,AFK
352,NA,CosaNostra,Frog❤️💀🤖,81016923609,126.77,254.2,295.8,550,GI3,N,AFK
353,NA,DownFall,DFsmolSlayer,81013491938,216.22,274.2,274.6,548.8,DL2,N,Y
354,NA,Underdogs,𝕌𝔻LilFaygo,81012150405,257.51,254.6,290.9,545.5,DL2,N,AFK
355,NA,StarWar,theduckbus,81011209379,704.55,253.9,289.4,543.3,CK2,N,Y
356,NA,UnderWorld,(UW)Skully,81016767964,294.34,260.9,281.8,542.7,DL3,N,Y
357,NA,|MF|Misfits,MF•Ravaged🐮,81001843199,353.36,264.1,277.6,541.7,DL3,N,AFK
358,NA,StarWar,Nate38,81011154632,334.22,239.4,301.7,541.1,DL2,N,Y
359,NA,|MF|Misfits,|MF|Shad,81006054876,332.04,254.5,285.9,540.4,DL3,N,AFK
360,NA,CosaNostra,GoochLives,81017137851,136.92,270.2,269.9,540.1,GI3,N,AFK
361,NA,StarWar,💫⚔️Haywire,81009880312,741.24,231.5,308.2,539.7,CK1,Diting,Y
362,NA,CosaNostra,Dubi❤️💀🤖,81016357492,143.03,233.1,306.1,539.2,GI3,N,AFK
363,NA,CosaNostra,Twash❤️💀🤖,81016311783,157.04,267.5,271.4,538.9,DL1,N,AFK
364,NA,Liberation,🛡️Toast🛡️,81003425603,71.69,251.1,284.5,535.6,SI3,N,AFK
365,NA,|MF|Misfits,2mdc🗣️,81001463358,156.99,254.5,280.7,535.2,GI3,N,AFK
366,NA,UnderWorld,(UW)🖕Bronze,81019289633,122.96,248.5,286.4,534.9,GI3,N,AFK
367,NA,|MF|Misfits,MFJohnny,81003919188,119.82,252.4,282.1,534.5,GI3,N,AFK
368,NA,Liberation,🛡️Kodie🛡️,81001725156,45.21,258.3,275.8,534.1,CI3,N,Y
369,NA,Liberation,🛡️🦌🛡️,81000978839,65.76,253.8,277.3,531.1,SI3,N,AFK
370,NA,DownFall,DF-Woden,81017654084,285.54,251.7,278.9,530.6,DL3,N,Y
371,NA,|MF|Misfits,MF~Shark,81006320081,327.65,247.9,282.1,530,DL2,N,AFK
372,NA,DownFall,MikeLowrey,81013589905,149.92,265.1,263.7,528.8,GI3,N,Y
373,NA,Underdogs,𝕌𝔻|Me₩○,81009761761,362.97,238.4,287,525.4,DL3,N,AFK
374,NA,Dominion,⚔︎TreeChopR⚔,81004742285,172.65,223.9,301.4,525.3,DL1,N,Y
375,NA,Dominion,⚔︎Nothing⚔︎,81004097297,119.94,255,269.4,524.4,GI3,N,Y
376,NA,Dominion,⚔︎REBEL⚔︎,81004117666,115.56,247.4,275.6,523,GI3,N,Y
377,NA,Liberation,🛡️Petty🛡️,81000119907,117.24,254.5,265.5,520,GI3,N,AFK
378,NA,|MF|Misfits,MF♱龙❦,81004052176,838.42,250,269.7,519.7,CK3,N,AFK
379,NA,StarWar,💫⚔️steves,81010777287,300.24,247.4,272.1,519.5,DL2,N,Y
380,NA,|MF|Misfits,SYM,81004304145,321.78,249.3,269.4,518.7,DL3,N,AFK
381,NA,Divinity,☀️theDaniels,81021048323,319.32,264.6,252.9,517.5,DL3,N,Y
382,NA,UnderWorld,UWelcappytan,81019075848,323.89,246.3,269.3,515.6,DL3,N,Y
383,NA,Dominion,⚔︎EagleFang,81004365421,306.46,251.4,263.4,514.8,DL3,N,Y
384,NA,Dominion,⚔︎Corema⚔︎,81004719298,169.16,244.5,269.9,514.4,DL2,N,Y
385,NA,Divinity,☀️Jarry,81020678409,172.95,244.3,269.5,513.8,GI3,N,Y
386,NA,Underdogs,𝕌𝔻|ONI²,81010639980,181.14,236,277.4,513.4,DL1,N,AFK
387,NA,Liberation,🛡️Meither🛡️,81000184997,227.49,255.3,254.8,510.1,DL2,N,AFK
388,NA,Underdogs,𝕌𝔻Pla¥er☆,81012254180,509.72,232.7,277.2,509.9,CK1,N,AFK
389,NA,Liberation,•U^•^U•,81000116620,141.35,232,277.7,509.7,GI3,N,AFK
390,NA,UnderWorld,(UW)Etelstan,81013382291,389.09,240.4,268.6,509,DL3,N,Y
391,NA,DownFall,Df-lickme,81014613796,170.7,228.5,280.2,508.7,DL1,N,Y
392,NA,Underdogs,UD|Dong,81011913783,261.5,260.6,247.3,507.9,DL2,N,Y
393,NA,Divinity,☀️|Zarayis,81025567340,60.24,208.5,299.2,507.7,SI3,N,Y
394,NA,Underdogs,𝕌𝔻|🃏Wild,81007950354,223.22,236.5,269.1,505.6,DL2,N,Y
395,NA,Underdogs,𝕌𝔻|Call,81010494054,282.44,240,265.1,505.1,DL2,N,AFK
396,NA,|MF|Misfits,MF|BladeFace,81005884113,134.8,244.7,259.5,504.2,GI3,N,AFK
397,NA,CosaNostra,Beelzebubba❤,81013140321,125.96,222.1,280.4,502.5,GI3,N,AFK
398,NA,UnderWorld,ᵘʷᵘвυииу,81018848441,311.77,231.4,268,499.4,DL3,N,Y
399,NA,Dominion,⚔︎Gustie⚔︎,81004322930,310.5,231.5,267.1,498.6,DL2,N,Y
400,NA,Underdogs,𝕌𝔻|ONI,81012437273,182.2,225,271.9,496.9,DL1,N,AFK
401,NA,UnderWorld,UW.Renegade,81013818992,329.1,218.6,277,495.6,DL3,N,Y
402,NA,DownFall,DF-Yamete,81013364574,193.53,255.3,236.4,491.7,DL1,N,Y
403,NA,Dominion,⚔︎Kelor⚔︎,81004588437,134.86,227.2,259.9,487.1,GI3,N,Y
404,NA,Liberation,🛡Thea🛡,81001257727,388.4,230.9,253.5,484.4,DL3,N,AFK
405,NA,Underdogs,𝕌𝔻|DongALT,81010684298,171.1,250.4,232,482.4,DL1,N,AFK
406,NA,DownFall,Df-BeakBun,81017309482,283.92,228.7,252.8,481.5,DL2,N,Y
407,NA,UnderWorld,UWOldHubbins,81015702359,85.37,220.3,258.4,478.7,GI1,N,Y
408,NA,DownFall,Df-Ether,81013993489,133.17,228.9,243.3,472.2,GI3,N,Y
409,NA,Dominion,⚔︎Leo⚔︎,81002650651,221.47,228.1,244.1,472.2,DL2,N,Y
410,NA,UnderWorld,{UW}🧊ℭ𝔉🔥,81014608495,235.96,220.5,249.6,470.1,DL2,N,Y
411,NA,UnderWorld,(UW)Hustler,81015259895,29.46,216,252.5,468.5,TI3,N,Y
412,NA,UnderWorld,Mew,81018148939,90.45,207.9,259,466.9,GI3,N,Y
413,NA,Underdogs,⭐️SanityEve,81006517147,184.79,194,271.8,465.8,DL1,N,AFK
414,NA,Underdogs,𝕌𝔻|astro💫,81009899738,173.98,228.1,237.6,465.7,DL1,N,AFK
415,NA,Liberation,Modred49094,81003775496,56.75,221,244.5,465.5,CI3,N,Y
416,NA,CosaNostra,SAINT✝️,81016389468,84.72,229.2,235.1,464.3,GI2,N,AFK
417,NA,Underdogs,💫⚔️Jaded,81012446395,201.99,203.2,259.1,462.3,DL2,N,AFK
418,NA,Divinity,☀️APOCALI🥔B,81021507659,131.06,226.5,234.7,461.2,GI3,N,Y
419,NA,UnderWorld,DevilNo12,81018288500,218.33,188.5,270.9,459.4,DL2,N,Y
420,NA,Underdogs,𝕌D|Tactical,81007917782,209.41,202.8,256.4,459.2,DL1,N,AFK
421,NA,|MF|Misfits,MF|DREAD,81005171347,168.87,217.3,241.3,458.6,GI3,N,Y
422,NA,Dominion,⚔︎Eternal⚔︎,81004183472,156.36,216.7,241.1,457.8,DL1,N,Y
423,NA,StarWar,✰☬|Master,81009336830,42.47,220.7,235,455.7,CI3,N,Y
424,NA,Liberation,🛡️GamePwr🛡️,81004555278,254.17,201.4,251.3,452.7,DL2,N,AFK
425,NA,Divinity,☀️Vitalis,81024305791,206.78,213.6,238.2,451.8,DL1,N,Y
426,NA,Dominion,⚔︎BluRay⚔︎,81003428345,184.68,223.6,227.4,451,DL2,N,Y
427,NA,HeavenFighters,HF-Cuppycake,81020026649,214.79,201.7,246.4,448.1,DL1,N,Y
428,NA,Underdogs,𝕌𝔻|Rane,81010024661,370.25,183.6,263.5,447.1,DL3,N,AFK
429,NA,Divinity,☀️Moon,81024826503,109.58,204.4,239.2,443.6,GI3,N,Y
430,NA,|MF|Misfits,MFKrespeejr,81004724619,158.31,216.3,226,442.3,DL1,N,AFK
431,NA,StarWar,TadStrange,81011833651,143.26,213.4,228.8,442.2,GI3,N,Y
432,NA,Underdogs,💫⚔️honeybee,81009917257,347.06,205.6,232.5,438.1,DL3,N,AFK
433,NA,DownFall,𝔇𝔉_Lazar,81017019020,383.6,204.1,229.4,433.5,DL3,N,Y
434,NA,|MF|Misfits,DrakeMallard,81003418116,202.16,193.8,238.4,432.2,DL2,N,AFK
435,NA,|MF|Misfits,MF-Zzilla,81005336711,191.96,203.1,227,430.1,DL1,N,AFK
436,NA,Dominion,⚔︎Azark⚔︎,81004559399,78,207,222.8,429.8,GI2,N,Y
437,NA,Liberation,🛡️Steel🛡️,81000168101,56.84,212.5,214.7,427.2,SI3,N,AFK
438,NA,Dominion,⚔︎TJ⚔︎,81004790043,102.37,198.7,228.1,426.8,GI3,N,Y
439,NA,Divinity,❤️SheDevil❤️,81025254126,33.33,184,242.4,426.4,CI3,N,Y
440,NA,|MF|Misfits,MF_OF_OG-NMN,81006065684,256.21,185.1,237.4,422.5,DL3,N,AFK
441,NA,DownFall,DfBlob,810016852201,59.29,203,218.5,421.5,SI3,N,Y
442,NA,StarWar,Aes_Sedai840,81012321316,49.16,192.5,228.9,421.4,SI1,N,Y
443,NA,|MF|Misfits,Swallowtail,81003440313,103.71,188,232.8,420.8,GI2,N,AFK
444,NA,Dominion,⚔︎Sanchooo⚔︎,81004366018,63.45,217.4,200.9,418.3,GI2,N,Y
445,NA,|MF|Misfits,MF卄卂尺爪ㄖ几ㄚ,81003173860,11.53,185.5,230.7,416.2,BI3,N,Y
446,NA,|MF|Misfits,MF_Beerlime,81001846790,180.78,205.6,205.9,411.5,DL1,N,Y
447,NA,Underdogs,༺𝕸.𝕄el༻,81008165176,72.77,203.9,207.5,411.4,GI2,N,AFK
448,NA,Underdogs,𝕌𝔻|Sceley,81012272834,162.53,188.4,222.4,410.8,DL1,N,AFK
449,NA,UnderWorld,(UW)Koya,81015407868,158.53,195.3,215.3,410.6,DL1,N,Y
450,NA,DownFall,Danny❤️☠️🤖,81017107362,42.36,206.5,203.2,409.7,SI3,N,Y
451,NA,DownFall,DFSeise,81013255880,252.68,186.5,222.1,408.6,DL2,N,Y
452,NA,Dominion,⚔︎Doctor_S⚔︎,81002803048,57.88,193.1,212.6,405.7,SI3,N,Y
453,NA,CosaNostra,Kali❤️💀🤖,81017826287,56.25,197.5,207.2,404.7,GI1,N,AFK
454,NA,DownFall,Minnie!!,81016014535,41.51,201.8,201.1,402.9,SI3,N,Y
455,NA,Liberation,MonkeyDLuffy,81004918833,42.76,186.9,215.2,402.1,SI3,N,Y
456,NA,CosaNostra,Death.,81016536697,55.48,189.6,211.6,401.2,GI2,N,AFK
457,NA,Dominion,⚔︎Renna⚔︎,81004362201,125.72,172.4,226.5,398.9,GI3,N,Y
458,NA,HeavenFighters,HF-キマロキ♡,81024127384,71.42,169.8,226.6,396.4,GI2,N,Y
459,NA,Divinity,☀️小狮void❤️,81025339723,49.51,188,207,395,SI3,N,Y
460,NA,Underdogs,UD|UTry2Hard,81009903049,80.45,170.1,224.4,394.5,GI2,N,AFK
461,NA,StarWar,hosay,81009897402,106.6,171.7,222.3,394,GI2,N,Y
462,NA,|MF|Misfits,InControL,81003196669,190.08,191.2,198.8,390,DL2,N,AFK
463,NA,|MF|Misfits,多宝道人,81000199579,33.51,185.8,201.7,387.5,CI3,N,AFK
464,NA,Underdogs,🙄,81009345798,29.32,194.5,192.8,387.3,CI3,N,Y
465,NA,CosaNostra,𝓛𝓥♠️Damo,81016127280,57.79,184.6,202.6,387.2,GI1,N,AFK
466,NA,|MF|Misfits,MFÇàkë,81005787146,193.27,183.6,202.7,386.3,DL2,N,AFK
467,NA,Underdogs,𝕌𝔻|darling,81008123056,118.99,178.9,206.6,385.5,GI3,N,AFK
468,NA,DownFall,dagga,81018091377,8.88,168,216.7,384.7,GA3,N,Y
469,NA,DownFall,DF-Lemonade,81013832766,222.04,181.4,201.8,383.2,DL2,N,Y
470,NA,|MF|Misfits,MF|Mochi,81003064575,52.02,177.2,203.9,381.1,SI3,N,Y
471,NA,StarWar,comet,81007079094,234.89,170.1,210.6,380.7,DL2,N,Y
472,NA,Underdogs,ΩYangFan003,81009284447,62.56,175.1,203.4,378.5,SI3,N,Y
473,NA,|MF|Misfits,MF|PotsCat🐈,81005143287,157.49,168.7,209.2,377.9,DL1,N,AFK
474,NA,Liberation,Le.Dog,81002031085,151.58,177.4,199,376.4,DL1,N,AFK
475,NA,Divinity,☀️bestia7pro,81021967684,163.71,177.1,196.2,373.3,DL1,N,Y
476,NA,StarWar,✰☬|🔥Aelin,81006557521,189.86,166.4,204.9,371.3,DL2,N,Y
477,NA,Liberation,Gabimaru,81005161455,73.25,192.3,178.9,371.2,GI2,N,AFK
478,NA,Underdogs,Boudica,81007251555,141.01,166.9,203.6,370.5,GI2,N,Y
479,NA,|MF|Misfits,MF|Proator,81005198944,102.76,180.8,189.4,370.2,GI3,N,AFK
480,NA,|MF|Misfits,MF_Brownie,81002556494,168.54,163.4,206.4,369.8,DL1,N,AFK
481,NA,CosaNostra,Zeti❤️💀🤖,81017327004,69.59,175.2,190.6,365.8,GI2,N,AFK
482,NA,Liberation,🛡️Glibous🛡️,81005433241,55.24,172.2,193.6,365.8,SI3,N,AFK
483,NA,Liberation,Jay,81000540644,129.26,159.8,205.5,365.3,DL1,N,AFK
484,NA,StarWar,Estrelas,81009895035,98.65,152.7,212.4,365.1,GI2,N,Y
485,NA,Liberation,Pufff-f-f🛡️,81002694207,113.31,166.8,193.7,360.5,GI3,N,AFK
486,NA,CosaNostra,🐝Da❤️☠️🤖,81016911755,70.17,164.8,195.1,359.9,GI2,N,AFK
487,NA,CosaNostra,ᚱᛟGolden,81014909029,168.91,163.1,195.7,358.8,DL1,N,AFK
488,NA,DownFall,DF-Miyuuu,81013399086,355.29,164,193.4,357.4,CK1,N,Y
489,NA,Underdogs,𝕌𝔻|Ex𝔻inh,81009644306,196.33,170.6,186.5,357.1,DL2,N,AFK
490,NA,|MF|Misfits,nubs420,81005153999,101.03,169.2,185.7,354.9,GI3,N,AFK
491,NA,|MF|Misfits,MF✨️JoJo,81003788305,48.42,166.1,187.4,353.5,SI2,N,AFK
492,NA,CosaNostra,Schwing❤️💀,81018806422,30.78,168.1,184.2,352.3,SI1,N,AFK
493,NA,Liberation,ℒ•Xandor25,81001039068,104.86,170.4,180.2,350.6,GI3,N,AFK
494,NA,Divinity,IOWA,81024100964,256.57,154.7,192.6,347.3,DL2,N,Y
495,NA,Dominion,AlsoNotMike,81003503424,52.31,171.4,174.2,345.6,SI3,N,Y
496,NA,Dominion,⚔︎Telly⚔︎,81004569997,48.28,158.2,183.4,341.6,SI3,N,Y
497,NA,Divinity,☀️Kim,81024117241,52.26,155.7,185,340.7,GI1,N,Y
498,NA,Dominion,⚔︎Ketamine⚔︎,81004504142,5.24,151.3,188.4,339.7,BI3,N,Y
499,NA,UnderWorld,(UW)NULLL,81017810238,39.5,153.6,177.8,331.4,SI3,N,Y
500,NA,Dominion,⚔︎inprogress,81004878602,35.15,170.5,159.9,330.4,SI3,N,Y
501,NA,CosaNostra,𝔇𝔉🦁Ares,81013945975,68.44,152.9,174.4,327.3,GI2,N,AFK
502,NA,Dominion,⚔︎Patfanz⚔︎,81004696601,27.71,146.1,179.5,325.6,SI1,N,Y
503,NA,Liberation,Angont,81004726180,61.19,147.9,177.1,325,GI1,N,AFK
504,NA,Liberation,ℒ•spACEy,81001081895,49,149,170.1,319.1,GI1,N,AFK
505,NA,Liberation,Sachiel,81001498901,50.21,129.3,189.4,318.7,SI2,N,AFK
506,NA,Dominion,⚔︎BabySoul⚔︎,81004781897,29.89,142.9,174.2,317.1,SI2,N,Y
507,NA,|MF|Misfits,Mermandi,81005798211,92.34,145.8,169.5,315.3,GI2,N,AFK
508,NA,CosaNostra,Zamm❤️☠️🤖,81015843274,24.99,144.1,170.4,314.5,SI3,N,AFK
509,NA,|MF|Misfits,|MF|Spanky,81006474671,96.83,135,171.8,306.8,GI3,N,AFK
510,NA,Liberation,ℒ•Silverfox,81003049636,44.12,141.2,165.5,306.7,GI1,N,AFK
511,NA,CosaNostra,Bee❤️☠️🤖,81015827649,26.08,122.6,179.7,302.3,SI2,N,AFK
512,NA,|MF|Misfits,MF☠️Kipper,81003551728,193.19,121.2,180.7,301.9,DL2,N,AFK
513,NA,Liberation,ℒ•Qiel,81001498001,46.75,145.1,156,301.1,SI3,N,AFK
514,NA,UnderWorld,UW-Ether,81014178274,16.86,150.4,150.5,300.9,CI2,N,Y
515,NA,Liberation,🛡️Deron🛡️,81006130704,35,129.7,168.3,298,SI2,N,AFK
516,NA,Liberation,ℒ•McKShaDe,81000971349,54.61,136.1,150.3,286.4,GI1,N,AFK
517,NA,Underdogs,𝕌𝔻|Bussy,81007872872,35.86,135.2,146.5,281.7,SI3,N,AFK
518,NA,UnderWorld,UW-BMO☠️,81014476485,37.74,142.6,139.1,281.7,SI3,N,Y
519,NA,|MF|Misfits,Pranto20384,81003783628,96.97,121.8,159.2,281,GI3,N,AFK
520,NA,StarWar,BAKI,81012400168,39.9,121.9,154.8,276.7,SI3,N,Y
521,NA,UnderWorld,(UW)Chopper,81015490393,31.2,122.7,150.6,273.3,SI2,N,Y
522,NA,Dominion,⚔︎guzzler,81004780363,23.58,121.8,149.7,271.5,CI3,N,Y
523,NA,Underdogs,princess♡,81010390617,44.63,121.1,148.3,269.4,SI3,N,AFK
524,NA,CosaNostra,Doge,81014600970,22.7,126.4,138.8,265.2,CI3,N,AFK
525,NA,CosaNostra,El3oMDa79,81018955189,44.84,121.9,143,264.9,SI3,N,AFK
526,NA,Divinity,☀️Star✨9527,81025690317,12.67,107.5,156.9,264.4,TI3,N,Y
527,NA,CosaNostra,Houndmo,81016485042,31.37,114.6,148.2,262.8,SI3,N,AFK
528,NA,Liberation,Ingulph77279,81005576807,68.35,124,134.7,258.7,GI3,N,AFK
529,NA,Liberation,🛡️CHAOS🛡️,81001016271,13.31,124.6,133.3,257.9,CI1,N,AFK
530,NA,HeavenFighters,HF-🍌冬天☀️,81025448421,17.73,114.6,141.1,255.7,CI3,N,Y
531,NA,CosaNostra,monkeyking86,81014996315,24.57,105.2,145.8,251,SI1,N,AFK
532,NA,Divinity,☀️|crosby,81025214549,14.75,113.4,134.6,248,CI1,N,Y
533,NA,Divinity,☀️Stardust💫,81025670636,16.12,109.1,136.6,245.7,CI2,N,Y
534,NA,StarWar,PIGPIGPIG,81010072348,17.31,113.8,131.7,245.5,CI3,N,Y
535,NA,Liberation,BrokenAxis,81005037038,31.74,118.8,125.9,244.7,SI1,N,AFK
536,NA,Underdogs,𝕌𝔻|Immy,81007386357,16.86,110.8,131.3,242.1,CI2,N,AFK
537,NA,Divinity,☀️Viren,81025340476,20.11,118.5,123,241.5,CI3,N,Y
538,NA,Liberation,ℒ•Blazer,81001058162,35.68,99.5,141.6,241.1,SI3,N,AFK
539,NA,Liberation,Calmypal,81003403648,88.37,99.4,141,240.4,GI3,N,Y
540,NA,Underdogs,𝕌𝔻Kataran༻,81007752487,36.55,105.9,132.8,238.7,SI2,N,Y
541,NA,Liberation,🛡️Myionos🛡️,81001263930,51.28,103.7,132.4,236.1,GI2,N,AFK
542,NA,DownFall,BabySlend,81013810930,3.84,102.2,120.4,222.6,GA2,N,Y
543,NA,Liberation,🛡️Iseul🛡️,81002219911,9.27,96,107.9,203.9,TI3,N,AFK
544,NA,UnderWorld,UW|Fun⭐️Fact,81019281891,13.93,83.4,120.4,203.8,CI3,N,Y
545,NA,CosaNostra,Cherrez1415,81014886425,16.57,87.4,115.8,203.2,CI2,N,AFK
546,NA,Liberation,Momo16,81003013791,35.12,89.9,113,202.9,SI3,N,AFK
547,NA,Divinity,☀️Weslee67,81025330240,13.93,90.6,107.8,198.4,CI1,N,Y
548,NA,Liberation,TTVBROTHAJOE,81005963524,15.73,79,118.1,197.1,CI2,N,AFK
549,NA,CosaNostra,¿ıuıɯ?❤️🤖,81019039417,10.59,87.7,106.1,193.8,CI2,N,AFK
550,NA,CosaNostra,ᱬχHammzzᱬ,81018257202,10.45,79.5,106.5,186,CI1,N,AFK
551,NA,Liberation,Calmypal2,81003441516,26.51,69.6,110.4,180,SI1,N,AFK
552,NA,Liberation,🛡️Nvasive🛡️,81002723068,5.89,74.4,101.5,175.9,TI2,N,AFK
553,NA,StarWar,R⭐️Gamestar4,81008242434,12.84,70.1,95.1,165.2,CI2,N,Y
554,NA,Dominion,Jimbei10,81004244462,5.25,64.6,97.3,161.9,TI3,N,Y
555,NA,Underdogs,UD|Bloodking,81009779849,9.88,69.1,90.2,159.3,CI2,N,AFK
556,NA,Underdogs,𝕌𝔻|Jinwoo,81008252962,4.61,67.4,81.4,148.8,TI3,N,AFK
557,NA,Divinity,☀️£Xyren£☀️,81025514802,11.77,65.6,82.6,148.2,CI2,N,Y
558,NA,Underdogs,🐻👑KumaKmdr,81007856695,8.05,54.6,92.2,146.8,TI3,N,AFK
559,NA,Divinity,這|Zoro|☀️,81025677267,8.63,65.6,78,143.6,CI1,N,Y
560,NA,UnderWorld,Thanye,81016954863,3.97,65.5,75.6,141.1,TI2,N,Y
561,NA,CosaNostra,chugs❤️💀🤖,81017131778,9.49,49,88.1,137.1,CI1,N,AFK
562,NA,Divinity,☀️|yo⁺⁵⁹³,81025289840,5.67,60.9,75.2,136.1,TI2,N,Y
563,NA,Dominion,🦅short💦,81004549639,5.55,62.1,71.5,133.6,TI3,N,AFK
564,NA,CosaNostra,Grand❤️💀🤖,81016373993,6.01,57,75.5,132.5,TI3,N,AFK
565,NA,StarWar,Train,81012032678,7.83,56.9,75.3,132.2,CI1,N,Y
566,NA,Underdogs,천칭자리🤭저울,81008260678,9.26,56.2,74.9,131.1,CI2,N,Y
567,NA,Divinity,☀️愛Zen,81025660227,3.04,56.3,73.3,129.6,TI1,N,Y
568,NA,Liberation,🛡️XENOS🛡️,81000100190,4.63,55.2,72.4,127.6,TI1,N,AFK
569,NA,Divinity,☀️T、K,81024079076,0.809,45.6,73.9,119.5,BI3,N,Y
570,NA,HeavenFighters,HF-Latias☀,81025173752,3.9,45.5,66.6,112.1,TI1,N,Y
571,NA,Dominion,batcat,81004510750,1.61,50.5,60.2,110.7,GA3,N,Y
572,NA,CosaNostra,Lord❤️💀🤖,81014124356,3.99,43.2,67.3,110.5,TI2,N,AFK
573,NA,CosaNostra,Sýnin,81015963926,6.15,48.3,57,105.3,CI1,N,AFK
574,NA,Divinity,☀️Tide🌊,81022108088,1.34,32.9,57.7,90.6,GA3,N,Y
575,NA,CosaNostra,EmperorLatil,81016133151,2.19,34.5,51.8,86.3,GA3,N,AFK
576,NA,UnderWorld,UW.Capibara,81014310645,0.264,38.4,43,81.4,BI3,N,Y
577,NA,Dominion,🦇,81004531067,0.413,33.3,45.7,79,GA1,N,Y
578,NA,Liberation,Biddi87297,81006324843,4.9,34.6,41.8,76.4,TI3,N,AFK
579,NA,CosaNostra,Papa-Ether,81018803007,0.561,32.2,38.6,70.8,GA1,N,AFK
580,NA,CosaNostra,Kaden,81017443491,1.4,25.9,43.4,69.3,GA3,N,AFK
581,NA,CosaNostra,Rakrak,81014110576,3.09,25.7,43.1,68.8,TI2,N,AFK
582,NA,Divinity,☀️zero𒆙,81019992587,0.86,25.7,39.8,65.5,GA1,N,Y
583,NA,Liberation,Invicta,81006178233,0.83,21.5,41.5,63,GA2,N,AFK
584,NA,Underdogs,VENOM-GRMPS,81007223266,1.55,20.4,40.5,60.9,TI1,N,Y
585,NA,UnderWorld,(UW)ChopChop,81019032658,0.2,30.7,26.3,57,Bi3,N,Y
586,NA,Divinity,☀️榮耀•之王,81025021868,1.1,19.2,37.1,56.3,GA3,N,Y
587,NA,UnderWorld,(UW)Peaches,81019014019,0.201,26.7,24.7,51.4,BI3,N,Y
588,NA,CosaNostra,🍑.Mango,81015952480,0.769,13.9,34.5,48.4,GA2,N,AFK
589,NA,CosaNostra,Jarrylarry,81016588087,0.107,15.4,22.2,37.6,BI2,N,AFK
590,NA,Dominion,⚔︎H4H⚔︎,81002400763,0.034,15.9,19.5,35.4,VT3,N,Y
591,NA,CosaNostra,stinkystonk,81017161619,0.076,5.4,21.7,27.1,BI2,N,AFK
592,NA,CosaNostra,Spicy❤️💀🤖,81013676259,0.136,9.7,12.2,21.9,BI2,N,AFK
593,NA,CosaNostra,miniature,81013611095,0.028,6.5,13.5,20,VT1,N,AFK
594,NA,CosaNostra,yaz,81018032090,0.024,3.1,6.6,9.7,VT2,N,AFK
